City ID,City,Country,Lat,Lng,Max Temp,Humidity,Cloudiness,Wind Speed,Current Description
0,Hilo,US,19.7297,-155.09,73.27,68,1,8.05,clear sky
1,Maues,BR,-3.3836,-57.7186,98.8,34,100,3.56,overcast clouds
2,Spolaita,GR,38.6966,21.3464,72.99,44,0,3.44,clear sky
3,Camana,PE,-16.6228,-72.7111,66.36,71,19,8.57,few clouds
4,Ushuaia,AR,-54.8,-68.3,53.22,81,100,4.27,overcast clouds
5,Dikson,RU,73.5069,80.5464,35.58,82,100,15.3,overcast clouds
6,Carnarvon,AU,-24.8667,113.6333,66.27,82,75,16.11,broken clouds
7,Nioro,GM,13.35,-15.75,82.24,81,93,4.72,overcast clouds
8,Fairbanks,US,64.8378,-147.7164,32.59,91,90,1.14,light snow
9,Agirish,RU,61.9247,63.0231,41.97,82,4,0.81,clear sky
10,Tezu,IN,27.9167,96.1667,77.79,77,7,4.21,clear sky
11,Albany,US,42.6001,-73.9662,68.85,71,23,1.01,few clouds
12,Kampot,KH,10.6167,104.1833,78.85,84,100,6.31,moderate rain
13,Airai,TL,-8.9266,125.4092,59.32,77,93,0.83,overcast clouds
14,Champerico,GT,14.3,-91.9167,87.76,72,95,1.36,overcast clouds
15,Kaitangata,NZ,-46.2817,169.8464,49.78,71,92,12.5,light rain
16,Mount Darwin,ZW,-16.7725,31.5838,76.41,30,5,6.71,clear sky
17,Bredasdorp,ZA,-34.5322,20.0403,61.29,72,40,8.16,scattered clouds
18,Bethel,US,41.3712,-73.414,69.35,72,75,5.75,broken clouds
19,Hobart,AU,-42.8794,147.3294,39.25,78,75,1.99,broken clouds
20,Ponta Do Sol,PT,32.6667,-17.1,73.0,90,57,2.68,broken clouds
21,Bonthe,SL,7.5264,-12.505,84.33,67,60,11.7,broken clouds
22,Chokurdakh,RU,70.6333,147.9167,32.94,79,99,12.97,overcast clouds
23,Tumalaytay,PH,12.2758,123.232,79.3,87,78,5.97,broken clouds
24,Kapaa,US,22.0752,-159.319,77.32,80,75,14.97,light rain
25,Altay,CN,47.8667,88.1167,34.81,64,25,6.29,scattered clouds
26,Mao,ES,39.8885,4.2658,77.56,88,75,11.5,broken clouds
27,Longyearbyen,SJ,78.2186,15.6401,46.24,71,75,11.5,broken clouds
28,Mataura,NZ,-46.1927,168.8643,49.48,71,89,11.61,overcast clouds
29,Gejiu,CN,23.306,103.1635,55.49,96,8,3.74,clear sky
30,Tiksi,RU,71.6872,128.8694,32.4,84,100,12.91,overcast clouds
31,Busselton,AU,-33.65,115.3333,48.09,76,20,15.03,few clouds
32,Vila Velha,BR,-20.3297,-40.2925,75.96,54,20,10.36,few clouds
33,Khatanga,RU,71.9667,102.5,32.02,88,89,4.38,overcast clouds
34,Honiara,SB,-9.4333,159.95,76.64,88,32,4.56,scattered clouds
35,Codrington,AU,-38.2667,141.9667,47.52,63,100,16.67,overcast clouds
36,Barrow,US,71.2906,-156.7887,24.82,86,90,3.44,overcast clouds
37,Bluff,NZ,-46.6,168.3333,49.8,88,95,23.15,overcast clouds
38,At-Bashi,KG,41.1702,75.8106,51.42,26,39,2.82,scattered clouds
39,Hithadhoo,MV,-0.6,73.0833,82.58,68,100,9.75,overcast clouds
40,Shipitsyno,RU,61.2806,46.5208,46.56,95,100,8.43,overcast clouds
41,Mahebourg,MU,-20.4081,57.7,71.89,78,40,13.8,scattered clouds
42,Pemberton,CA,50.3164,-122.8027,69.21,68,86,0.47,overcast clouds
43,Yellowknife,CA,62.456,-114.3525,44.42,98,90,5.99,overcast clouds
44,Ciudad Bolivar,VE,8.1222,-63.5497,90.16,54,33,5.1,scattered clouds
45,Torbay,CA,47.6666,-52.7314,54.27,75,75,16.11,broken clouds
46,Bartica,GY,6.4,-58.6167,91.72,56,100,4.03,overcast clouds
47,Port Alfred,ZA,-33.5906,26.891,63.14,74,100,7.09,overcast clouds
48,Avarua,CK,-21.2078,-159.775,64.45,94,75,2.3,broken clouds
49,Marawi,PH,7.9986,124.2928,69.66,95,96,0.4,overcast clouds
50,Rikitea,PF,-23.1203,-134.9692,73.24,80,100,22.21,light rain
51,Beyneu,KZ,45.3167,55.2,69.58,25,0,27.34,clear sky
52,Georgetown,MY,5.4112,100.3354,83.89,85,20,0.0,light rain
53,Bambous Virieux,MU,-20.3428,57.7575,71.85,78,40,13.8,scattered clouds
54,Praya,CV,14.9215,-23.5087,84.74,61,20,18.41,few clouds
55,Afsin,TR,38.2477,36.914,55.31,39,31,10.0,scattered clouds
56,Upernavik,GL,72.7868,-56.1549,25.72,87,100,5.17,overcast clouds
57,Punta Arenas,CL,-53.15,-70.9167,53.71,62,75,8.05,broken clouds
58,Port Elizabeth,ZA,-33.918,25.5701,63.1,77,0,10.36,clear sky
59,Serenje,ZM,-13.2325,30.2352,75.25,25,34,9.13,scattered clouds
60,Hastings,GB,50.8552,0.5729,74.53,72,51,13.8,broken clouds
61,Victoria,HK,22.2855,114.1577,86.38,79,6,7.0,clear sky
62,Lorengau,PG,-2.0226,147.2712,81.5,76,12,8.46,few clouds
63,Kresttsy,RU,58.2452,32.5165,44.71,89,100,8.7,overcast clouds
64,Hermanus,ZA,-34.4187,19.2345,63.81,80,21,6.06,few clouds
65,Saint-Philippe,RE,-21.3585,55.7679,71.19,82,47,12.66,scattered clouds
66,Watrous,CA,51.6668,-105.4679,47.98,46,4,14.97,clear sky
67,Torquay,GB,50.4638,-3.5143,70.41,84,27,5.08,scattered clouds
68,Neuquen,AR,-38.9516,-68.0591,78.69,29,0,4.61,clear sky
69,Nikolskoye,RU,59.7035,30.7861,49.87,86,100,6.17,overcast clouds
70,Flinders,AU,-34.5833,150.8552,60.8,62,0,1.99,clear sky
71,Bosobolo,CD,4.1833,19.9,74.7,91,98,4.38,overcast clouds
72,Lazaro Cardenas,MX,17.9583,-102.2,83.77,77,26,1.07,scattered clouds
73,Visnes,NO,59.3556,5.2242,58.89,82,75,19.57,broken clouds
74,Vao,NC,-22.6667,167.4833,68.7,62,100,11.16,overcast clouds
75,Severo-Kurilsk,RU,50.6789,156.125,48.29,95,100,28.81,moderate rain
76,Jamestown,US,42.097,-79.2353,65.01,43,1,11.99,clear sky
77,Tuktoyaktuk,CA,69.4541,-133.0374,32.0,86,90,14.97,overcast clouds
78,Kodiak,US,57.79,-152.4072,36.43,64,1,14.85,clear sky
79,Khani,GE,41.9563,42.9566,47.77,93,77,3.33,broken clouds
80,Luderitz,NA,-26.6481,15.1594,67.71,57,16,20.27,few clouds
81,Buraydah,SA,26.326,43.975,97.25,12,0,3.91,clear sky
82,Christchurch,NZ,-43.5333,172.6333,57.4,54,1,11.5,clear sky
83,Fortuna,US,40.5982,-124.1573,69.37,52,6,3.0,clear sky
84,Akyab,MM,20.15,92.9,80.31,88,100,11.95,moderate rain
85,Hobyo,SO,5.3505,48.5268,78.89,79,99,18.25,overcast clouds
86,Yulara,AU,-25.2406,130.9889,55.24,28,3,5.75,clear sky
87,Lagoa,PT,39.05,-27.9833,70.07,72,43,15.46,scattered clouds
88,Dwarka,IN,22.2394,68.9678,81.75,85,11,9.17,few clouds
89,Conde,BR,-7.2597,-34.9075,78.26,78,75,19.57,broken clouds
90,Atuona,PF,-9.8,-139.0333,77.83,71,63,18.81,broken clouds
91,Zigong,CN,29.3416,104.7769,77.2,87,26,4.85,light rain
92,Hay River,CA,60.8156,-115.7999,40.98,81,75,8.05,broken clouds
93,Thinadhoo,MV,0.5333,72.9333,82.8,64,100,12.71,light rain
94,Abeche,TD,13.8292,20.8324,92.28,28,100,9.06,overcast clouds
95,Arlit,NE,18.7369,7.3853,103.46,6,1,5.01,clear sky
96,Pangnirtung,CA,66.1451,-65.7125,35.6,64,20,8.05,few clouds
97,Chuy,UY,-33.6971,-53.4616,63.34,69,0,10.54,clear sky
98,Nome,US,64.5011,-165.4064,30.27,70,75,8.05,broken clouds
99,Clyde River,CA,70.4692,-68.5914,34.03,69,40,6.91,scattered clouds
100,East London,ZA,-33.0153,27.9116,65.34,72,0,2.3,clear sky
101,Villiers,ZA,-27.0303,28.6006,75.13,18,5,6.04,clear sky
102,Sobolevo,RU,54.4299,31.8996,46.06,97,100,5.17,light rain
103,Butaritari,KI,3.0707,172.7902,83.01,75,59,15.59,light rain
104,Banda Aceh,ID,5.5577,95.3222,80.26,82,27,7.96,moderate rain
105,Dingle,PH,10.9995,122.6711,77.02,90,47,5.1,scattered clouds
106,Paamiut,GL,61.994,-49.6678,33.69,54,4,27.42,clear sky
107,Lakatoro,VU,-16.0999,167.4164,76.39,84,86,11.32,overcast clouds
108,Tukrah,LY,32.5341,20.5791,74.01,63,11,12.1,few clouds
109,Cayenne,GF,4.9333,-52.3333,91.44,75,20,1.99,few clouds
110,Haines Junction,CA,60.7522,-137.5108,39.15,87,79,5.75,broken clouds
111,Kulhudhuffushi,MV,6.6221,73.07,82.62,77,86,12.24,overcast clouds
112,Beringovskiy,RU,63.05,179.3167,32.2,94,100,28.61,snow
113,Hovd,MN,48.0056,91.6419,42.67,55,42,6.31,scattered clouds
114,Gouyave,GD,12.1646,-61.7296,86.77,74,20,13.8,few clouds
115,Ugoofaaru,MV,5.6667,73.0,81.88,78,100,12.86,light rain
116,Cape Town,ZA,-33.9258,18.4232,66.11,63,0,13.8,clear sky
117,Araouane,ML,18.9048,-3.5265,104.54,14,72,1.43,broken clouds
118,New Norfolk,AU,-42.7826,147.0587,38.91,72,57,1.99,broken clouds
119,Firovo,RU,57.4814,33.7021,43.66,92,100,9.01,overcast clouds
120,Goderich,CA,43.7501,-81.7165,56.91,76,100,16.11,overcast clouds
121,Beatrice,US,40.2681,-96.747,70.45,56,1,13.8,clear sky
122,Balabac,PH,7.9868,117.0645,81.36,75,37,2.93,scattered clouds
123,Talnakh,RU,69.4865,88.3972,33.78,76,0,4.92,clear sky
124,Berea,US,41.3662,-81.8543,70.39,58,20,18.41,few clouds
125,Bandarbeyla,SO,9.4942,50.8122,83.64,59,100,22.21,overcast clouds
126,Chimbote,PE,-9.0853,-78.5783,68.27,71,43,7.54,scattered clouds
127,Smithers,CA,54.7804,-127.1743,50.32,87,90,4.61,light rain
128,Urumqi,CN,43.801,87.6005,50.95,58,0,6.71,clear sky
129,Kamaishi,JP,39.2667,141.8833,63.28,89,98,7.54,overcast clouds
130,Port Hedland,AU,-20.3167,118.5667,66.25,100,3,0.0,clear sky
131,Iqaluit,CA,63.7506,-68.5145,31.73,80,75,11.99,broken clouds
132,Sharon,US,41.2331,-80.4934,68.86,55,20,19.57,few clouds
133,Bonavista,CA,48.6499,-53.1147,57.2,67,36,17.29,scattered clouds
134,Warrnambool,AU,-38.3833,142.4833,45.81,67,99,18.92,overcast clouds
135,Piacabucu,BR,-10.4056,-36.4344,77.65,81,57,14.79,broken clouds
136,Henties Bay,NA,-22.116,14.2845,57.85,75,6,9.26,clear sky
137,Khuzhir,RU,53.1939,107.3397,48.27,79,82,10.71,broken clouds
138,Sindor,RU,62.8629,51.8905,48.43,72,69,8.72,broken clouds
139,Saint-Francois,FR,46.4154,3.9054,74.64,53,0,3.44,clear sky
140,Touros,BR,-5.1989,-35.4608,90.5,58,6,20.04,clear sky
141,Narsaq,GL,60.9167,-46.05,37.62,40,1,2.68,clear sky
142,Vaini,TO,-21.2,-175.2,68.16,83,20,14.97,few clouds
143,Cherskiy,RU,68.75,161.3,28.36,83,99,7.65,overcast clouds
144,Ancud,CL,-41.8697,-73.8203,66.42,84,100,7.11,overcast clouds
145,Saskylakh,RU,71.9167,114.0833,33.17,91,100,8.41,overcast clouds
146,Bosaso,SO,11.2842,49.1816,90.27,55,86,4.36,overcast clouds
147,Lahij,YE,13.1667,44.5833,92.64,38,53,2.8,broken clouds
148,Yatou,CN,37.15,122.3833,67.91,86,98,9.6,light rain
149,Padang,ID,-0.9492,100.3543,77.05,90,99,4.74,overcast clouds
150,Geraldton,AU,-28.7667,114.6,55.81,76,17,9.22,few clouds
151,Borogontsy,RU,62.6683,131.1683,42.75,83,100,8.46,overcast clouds
152,Mana,GF,5.6592,-53.7767,88.23,60,71,9.06,broken clouds
153,Acarau,BR,-2.8856,-40.12,90.59,52,5,19.22,clear sky
154,Makakilo City,US,21.3469,-158.0858,75.56,81,90,3.44,heavy intensity drizzle
155,Yar-Sale,RU,66.8333,70.8333,38.61,91,100,4.52,overcast clouds
156,Coolum Beach,AU,-26.5333,153.1,57.15,90,5,10.0,clear sky
157,Deer Lake,CA,49.1667,-57.4316,53.46,76,90,10.36,overcast clouds
158,Cabo San Lucas,MX,22.8909,-109.9124,89.62,68,4,4.97,clear sky
159,Skjervoy,NO,70.0311,20.9714,48.38,80,100,14.23,light rain
160,Saint George,US,37.1041,-113.5841,79.27,22,1,1.99,clear sky
161,Matara,LK,5.9485,80.5353,79.27,88,100,11.63,overcast clouds
162,Constitucion,CL,-35.3333,-72.4167,66.74,54,0,5.26,clear sky
163,Ahipara,NZ,-35.1667,173.1667,52.3,86,6,5.79,clear sky
164,Antofagasta,CL,-23.65,-70.4,61.88,58,5,6.78,clear sky
165,Necochea,AR,-38.5473,-58.7368,69.04,66,27,5.91,scattered clouds
166,Sitka,US,57.0531,-135.33,53.49,76,75,10.36,light rain
167,Arica,CL,-18.475,-70.3042,67.55,72,90,8.05,overcast clouds
168,North Myrtle Beach,US,33.816,-78.68,77.11,60,1,1.01,clear sky
169,Nabire,ID,-3.3667,135.4833,75.63,90,100,3.91,overcast clouds
170,Kidal,ML,18.4411,1.4078,103.68,12,42,3.58,scattered clouds
171,San Policarpo,PH,12.1791,125.5072,82.2,82,59,8.66,broken clouds
172,Laguna,US,38.421,-121.4238,85.01,56,1,1.01,clear sky
173,Qaanaaq,GL,77.484,-69.3632,16.86,69,19,5.84,few clouds
174,Pisco,PE,-13.7,-76.2167,63.01,82,75,11.5,mist
175,Lyngseidet,NO,69.5763,20.2189,48.2,95,100,13.87,light rain
176,Coquimbo,CL,-29.9533,-71.3436,58.73,77,75,11.5,broken clouds
177,Port Hawkesbury,CA,45.6169,-61.3485,75.9,72,40,5.01,scattered clouds
178,Noumea,NC,-22.2763,166.4572,60.78,73,100,7.52,overcast clouds
179,Guerrero Negro,MX,27.9769,-114.0611,73.87,70,100,12.35,overcast clouds
180,Kruisfontein,ZA,-34.0033,24.7314,59.88,74,83,6.46,broken clouds
181,Grand Gaube,MU,-20.0064,57.6608,72.0,80,0,11.99,light rain
182,Nurlat,RU,54.4277,50.8051,46.94,70,100,14.27,moderate rain
183,Saint-Georges,GD,12.0564,-61.7485,87.48,74,20,13.8,few clouds
184,Ormara,PK,25.2088,64.6357,81.91,81,100,16.96,overcast clouds
185,Irituia,BR,-1.7711,-47.4381,92.28,43,41,5.97,scattered clouds
186,Cabedelo,BR,-6.9811,-34.8339,79.47,66,33,17.29,scattered clouds
187,Ganzhou,CN,28.8184,115.4327,79.5,79,5,2.3,clear sky
188,Herat,AF,34.5,62.0,76.28,11,0,9.73,clear sky
189,Tiznit,MA,29.5833,-9.5,75.94,43,1,10.31,clear sky
190,Nuuk,GL,64.1835,-51.7216,34.41,55,20,11.5,few clouds
191,Hasaki,JP,35.7333,140.8333,72.28,72,100,17.54,overcast clouds
192,West Wendover,US,40.7391,-114.0733,61.81,36,1,3.44,clear sky
193,Barra,BR,-11.0894,-43.1417,89.94,38,14,10.18,few clouds
194,Provideniya,RU,64.3833,-173.3,33.91,93,100,19.57,light rain
195,Peravurani,IN,10.3,79.1833,83.95,75,83,7.29,broken clouds
196,Hualmay,PE,-11.0964,-77.6139,68.56,68,27,8.08,scattered clouds
197,Domna,RU,51.8971,113.1573,50.16,76,93,2.24,overcast clouds
198,Souillac,MU,-20.5167,57.5167,71.98,78,40,13.8,scattered clouds
199,Hammerfest,NO,70.6634,23.6821,48.65,66,75,11.5,broken clouds
200,Kavieng,PG,-2.5744,150.7967,82.24,76,51,14.0,broken clouds
201,Chongwe,ZM,-15.3292,28.682,79.2,28,9,9.62,clear sky
202,Sabla,NG,12.7525,4.7077,93.72,37,25,6.76,scattered clouds
203,Da Nang,VN,16.0678,108.2208,80.58,89,40,1.14,scattered clouds
204,Beidao,CN,34.5686,105.8933,62.46,96,93,2.46,overcast clouds
205,Margate,GB,51.3813,1.3862,73.69,71,0,9.13,clear sky
206,Lavrentiya,RU,65.5833,-171.0,32.14,89,100,21.65,snow
207,Chase,CA,50.8165,-119.6857,58.39,57,50,3.29,scattered clouds
208,Kelvington,CA,52.1667,-103.5343,47.86,58,80,17.72,broken clouds
209,Asau,RO,46.4333,26.4,58.12,75,100,5.66,overcast clouds
210,Thompson,CA,55.7435,-97.8558,42.96,100,90,10.36,mist
211,Inuvik,CA,68.3499,-133.7218,30.96,86,90,8.05,light shower snow
212,Ilhabela,BR,-23.7781,-45.3581,73.09,61,60,6.4,broken clouds
213,Vanavara,RU,60.34,102.2797,29.39,74,39,1.68,scattered clouds
214,Kabo,CF,7.6994,18.629,77.74,87,88,1.32,overcast clouds
215,Buala,SB,-8.145,159.5921,78.8,83,86,3.09,overcast clouds
216,Luanda,AO,-8.8368,13.2343,78.8,69,0,10.36,clear sky
217,Phalodi,IN,27.1333,72.3667,90.19,56,71,4.25,broken clouds
218,Presidencia Roque Saenz Pena,AR,-26.7852,-60.4388,80.35,30,0,5.35,clear sky
219,Hirara,JP,24.8,125.2833,83.35,69,1,16.96,clear sky
220,Warrington,GB,53.3925,-2.5802,73.29,75,75,13.0,broken clouds
221,Bubaque,GW,11.2833,-15.8333,82.33,72,70,6.26,broken clouds
222,Dunedin,NZ,-45.8742,170.5036,58.8,52,65,1.01,broken clouds
223,Wad Rawah,SD,15.1603,33.1397,88.5,44,100,10.4,overcast clouds
224,Hamilton,US,39.1834,-84.5333,71.74,56,1,3.0,clear sky
225,Arraial Do Cabo,BR,-22.9661,-42.0278,75.16,53,0,27.63,clear sky
226,Tari,NG,12.4086,4.4914,91.47,45,38,3.89,scattered clouds
227,Rincon,US,32.296,-81.2354,78.85,53,20,9.22,few clouds
228,Hopelchen,MX,19.7667,-89.85,80.29,91,77,0.76,broken clouds
229,Kpandae,GH,8.4689,-0.0113,79.59,82,99,1.1,light rain
230,Mar Del Plata,AR,-38.0023,-57.5575,64.0,58,40,14.0,scattered clouds
231,Lazi,UA,48.0667,24.2333,46.72,97,93,2.68,overcast clouds
232,Isangel,VU,-19.55,169.2667,69.67,80,100,8.43,overcast clouds
233,Leningradskiy,RU,69.3833,178.4167,22.46,89,100,11.99,overcast clouds
234,Ypsonas,CY,34.6884,32.9574,77.76,57,20,6.91,few clouds
235,Ludvika,SE,60.1496,15.1878,47.03,66,100,9.1,overcast clouds
236,Mackay,AU,-21.15,149.2,61.05,76,1,2.86,clear sky
237,Lithgow,AU,-33.4833,150.15,53.87,57,17,8.93,few clouds
238,Deputatskiy,RU,69.3,139.9,25.63,87,55,4.74,broken clouds
239,Srednekolymsk,RU,67.45,153.6833,31.06,90,56,6.78,broken clouds
240,Sangar,RU,63.9242,127.4739,41.85,96,100,4.88,light rain
241,San Vicente,AR,-26.6167,-54.1333,74.86,45,33,4.74,scattered clouds
242,Wanning,CN,18.8003,110.3967,79.68,88,100,6.33,heavy intensity rain
243,Panaba,MX,21.2833,-88.2667,87.51,60,93,2.21,overcast clouds
244,Naze,JP,28.3667,129.4833,77.18,65,25,10.63,scattered clouds
245,Zaraza,VE,9.3503,-65.3245,95.11,41,38,4.61,scattered clouds
246,Alamosa,US,37.4695,-105.87,65.71,38,1,3.44,clear sky
247,Korla,CN,41.7597,86.1469,70.81,27,1,12.28,clear sky
248,Bulanash,RU,57.2783,61.9965,44.98,71,99,3.8,overcast clouds
249,Lata,PT,40.1629,-8.3327,75.04,46,33,5.95,scattered clouds
250,Zhezkazgan,KZ,47.8043,67.7144,51.85,25,55,17.09,broken clouds
251,Volchikha,RU,52.0333,80.3833,34.54,59,57,5.97,broken clouds
252,San Patricio,US,28.017,-97.5169,83.07,45,0,7.07,clear sky
253,Spring Valley,US,36.108,-115.245,83.88,22,20,1.01,few clouds
254,Shimoda,JP,34.6667,138.95,72.1,81,100,10.29,overcast clouds
255,Yaypan,UZ,40.3758,70.8156,73.62,16,0,2.35,clear sky
256,Matay,EG,28.419,30.7792,83.59,32,0,15.5,clear sky
257,Faanui,PF,-16.4833,-151.75,76.3,65,52,7.16,broken clouds
258,Chapais,CA,49.7834,-74.8492,56.98,94,100,6.85,overcast clouds
259,Luwuk,ID,-0.9516,122.7875,76.21,91,98,4.23,overcast clouds
260,Half Moon Bay,US,37.4636,-122.4286,77.47,78,90,3.44,fog
261,Katsuura,JP,35.1333,140.3,76.1,75,100,13.44,overcast clouds
262,Jinchang,CN,38.4953,102.1739,68.49,54,100,7.27,overcast clouds
263,Acapulco,MX,16.8634,-99.8901,83.84,73,61,1.03,broken clouds
264,Alofi,NU,-19.0595,-169.9187,73.29,83,14,5.75,few clouds
265,San Luis,AR,-33.295,-66.3356,76.19,20,0,10.85,clear sky
266,Dese,ET,11.1333,39.6333,56.86,68,82,1.1,broken clouds
267,Inongo,CD,-1.95,18.2667,75.38,74,88,3.15,overcast clouds
268,Port-Gentil,GA,-0.7193,8.7815,75.16,100,90,9.22,light rain
269,Hokitika,NZ,-42.7167,170.9667,53.89,92,100,19.13,overcast clouds
270,Waseca,US,44.0777,-93.5074,64.85,64,40,17.27,scattered clouds
271,Erenhot,CN,43.6475,111.9767,67.39,54,0,8.55,clear sky
272,Goundam,ML,16.4145,-3.6708,100.72,23,48,12.01,scattered clouds
273,Luau,AO,-10.7073,22.2247,88.72,16,68,3.38,broken clouds
274,Ulaangom,MN,49.9811,92.0667,40.33,76,100,14.92,light rain
275,Upata,VE,8.0086,-62.3989,83.26,70,50,4.83,scattered clouds
276,Soke,ML,13.598,-5.9386,96.48,34,64,5.46,broken clouds
277,Yondo,CO,7.0062,-73.9097,84.67,70,92,2.44,overcast clouds
278,Goure,NE,13.9835,10.2704,97.02,14,93,11.88,overcast clouds
279,Maldonado,UY,-34.6667,-54.9167,58.39,65,18,10.87,few clouds
280,Brae,GB,60.3964,-1.353,53.51,80,82,25.5,broken clouds
281,San Ramon,US,37.7799,-121.978,77.45,56,1,1.99,clear sky
282,Ostrovnoy,RU,68.0531,39.5131,47.55,88,100,18.86,overcast clouds
283,Cap Malheureux,MU,-19.9842,57.6142,72.09,80,0,11.99,light rain
284,Guymon,US,36.6828,-101.4816,76.48,27,1,12.66,clear sky
285,Diamantino,BR,-14.4086,-56.4461,105.3,15,8,6.51,clear sky
286,Lebu,CL,-37.6167,-73.65,60.44,66,9,8.68,clear sky
287,Jalingo,NG,8.8833,11.3667,84.25,73,96,3.22,overcast clouds
288,Byron Bay,AU,-28.65,153.6167,64.35,80,0,9.44,clear sky
289,Rovaniemi,FI,66.5,25.7167,45.81,93,90,9.22,overcast clouds
290,Verkh-Usugli,RU,52.7,115.1667,43.11,80,100,3.0,overcast clouds
291,Bukachacha,RU,52.9833,116.9167,40.53,87,69,2.89,broken clouds
292,Havre-Saint-Pierre,CA,50.2334,-63.5986,57.79,67,90,13.8,overcast clouds
293,Keningau,MY,5.3378,116.1602,75.65,99,75,0.87,moderate rain
294,Norman Wells,CA,65.282,-126.8329,33.84,93,90,3.44,overcast clouds
295,Tsabong,BW,-26.0217,22.401,84.24,17,11,2.62,few clouds
296,Tonota,BW,-21.4833,27.4833,79.0,11,0,9.69,clear sky
297,Lima,PE,-12.0432,-77.0282,66.38,96,75,6.91,broken clouds
298,Port Lincoln,AU,-34.7333,135.8667,52.7,68,100,11.07,overcast clouds
299,Gushikawa,JP,26.3544,127.8686,79.83,81,1,8.05,clear sky
300,Sinnamary,GF,5.3833,-52.95,85.95,69,83,8.9,broken clouds
301,Dzerzhinsk,RU,56.2389,43.4631,49.82,81,20,2.24,few clouds
302,Saint-Pierre,RE,-21.3393,55.4781,71.28,75,0,10.36,clear sky
303,Havre,FR,49.5833,0.3333,69.49,77,90,5.75,overcast clouds
304,Nanortalik,GL,60.1432,-45.2371,36.3,47,0,15.46,clear sky
305,Galle,LK,6.0367,80.217,80.22,86,100,14.9,overcast clouds
306,Huarmey,PE,-10.0681,-78.1522,68.72,72,48,8.19,scattered clouds
307,Fujin,CN,47.26,132.0322,49.08,71,87,5.3,overcast clouds
308,Lufilufi,WS,-13.8745,-171.5986,69.58,74,10,2.82,clear sky
309,Newport,GB,51.5877,-2.9984,75.16,85,18,10.22,few clouds
310,Kaeo,NZ,-35.1,173.7833,46.33,94,18,3.36,few clouds
311,Bilibino,RU,68.0546,166.4372,21.43,96,100,0.76,overcast clouds
312,Takayama,JP,36.1333,137.25,64.51,94,77,2.42,broken clouds
313,Sistranda,NO,63.7256,8.834,51.76,82,100,34.07,light rain
314,Along,IN,28.1667,94.7667,73.85,91,18,1.63,few clouds
315,Ixtapa,MX,20.7,-105.2,85.23,75,52,1.01,broken clouds
316,Bathsheba,BB,13.2167,-59.5167,90.21,62,40,13.8,scattered clouds
317,Sao Joao Da Barra,BR,-21.6403,-41.0511,75.29,61,19,16.75,few clouds
318,Bulawayo,ZW,-20.15,28.5833,75.18,12,0,9.08,clear sky
319,Bordighera,IT,43.7806,7.6645,77.23,77,1,8.16,clear sky
320,Varkkallai,IN,8.7341,76.7067,82.18,90,99,8.79,moderate rain
321,Akdepe,TM,42.0551,59.3788,77.0,17,0,14.09,clear sky
322,Ruidoso,US,33.3317,-105.673,69.46,43,20,4.61,few clouds
323,Palana,RU,59.1167,159.9667,37.81,83,1,2.3,clear sky
324,Oyama,JP,36.3,139.8,77.04,71,100,7.67,overcast clouds
325,Tuatapere,NZ,-46.1333,167.6833,49.82,93,99,8.61,overcast clouds
326,Taloqan,AF,36.7361,69.5345,71.37,20,0,2.33,clear sky
327,Talagang,PK,32.9297,72.4158,84.29,55,1,4.92,clear sky
328,Askiz,RU,53.1319,90.5264,34.45,86,31,8.32,scattered clouds
329,Key Largo,US,25.0865,-80.4473,91.99,68,14,0.63,few clouds
330,Binga,ZW,-17.6203,27.3414,79.97,39,0,5.64,clear sky
331,Ribeira Grande,PT,38.5167,-28.7,72.0,73,40,16.11,scattered clouds
332,Sola,VU,-13.8833,167.55,78.48,81,40,17.22,scattered clouds
333,Kahului,US,20.8947,-156.47,72.66,85,20,4.61,few clouds
334,Mayya,RU,61.7333,130.2811,43.92,80,100,8.9,overcast clouds
335,Filingue,NE,14.3521,3.3168,100.78,19,92,11.81,overcast clouds
336,Muros,ES,42.7762,-9.0603,72.68,72,75,4.03,broken clouds
337,Lasa,IT,46.6166,10.7002,74.14,52,0,1.28,clear sky
338,Mirnyy,RU,62.5353,113.9611,35.15,92,47,3.2,scattered clouds
339,Berlevag,NO,70.8578,29.0864,48.2,85,68,21.25,broken clouds
340,San Antonio,US,29.4241,-98.4936,81.9,47,1,5.75,clear sky
341,Tasiilaq,GL,65.6145,-37.6368,37.56,73,96,3.36,overcast clouds
342,Rundu,NA,-17.9333,19.7667,93.0,9,4,11.1,clear sky
343,Yakima,US,46.4665,-120.6678,61.18,57,1,5.75,haze
344,Winchester,GB,51.0651,-1.3187,75.29,70,40,5.01,scattered clouds
345,Kjollefjord,NO,70.9457,27.3465,50.05,76,75,8.05,broken clouds
346,Bahir Dar,ET,11.5936,37.3908,65.12,78,70,1.9,light rain
347,Coxim,BR,-18.5067,-54.76,100.81,16,96,5.73,overcast clouds
348,San Andres,CO,12.5847,-81.7006,84.22,79,75,8.05,broken clouds
349,Hambantota,LK,6.1241,81.1185,80.67,84,96,17.16,overcast clouds
350,Faya,SA,18.3851,42.4509,69.91,59,95,8.21,overcast clouds
351,Suntar,RU,62.1444,117.6319,34.66,95,25,1.5,scattered clouds
352,Zhigansk,RU,66.7697,123.3711,38.16,66,100,15.77,overcast clouds
353,Staryy Nadym,RU,65.6118,72.6842,36.97,77,49,7.54,scattered clouds
354,Inhambane,MZ,-23.865,35.3833,70.07,62,0,9.04,clear sky
355,Mount Gambier,AU,-37.8333,140.7667,47.89,54,99,8.72,overcast clouds
356,Sioux Lookout,CA,50.1001,-91.917,53.98,58,90,9.22,overcast clouds
357,Dvinskoy,RU,62.1535,45.1175,46.67,95,100,8.99,overcast clouds
358,Umm Kaddadah,SD,13.6017,26.6876,96.31,16,96,13.89,overcast clouds
359,Syedove,UA,47.0768,38.156,53.01,60,100,19.13,overcast clouds
360,Huilong,CN,31.8111,121.655,77.94,72,93,10.94,light rain
361,La Ronge,CA,55.1001,-105.2842,48.42,76,90,10.36,overcast clouds
362,Port Macquarie,AU,-31.4333,152.9167,53.38,55,0,6.82,clear sky
363,Plettenberg Bay,ZA,-34.0527,23.3716,59.31,80,46,2.77,scattered clouds
364,Freeport,US,40.6576,-73.5832,74.32,60,75,4.0,broken clouds
365,Locri,IT,38.2414,16.2623,77.76,71,9,8.75,clear sky
366,Carlow,IE,52.8408,-6.9261,67.68,87,100,9.28,overcast clouds
367,Salinopolis,BR,-0.6136,-47.3561,86.36,64,39,12.35,scattered clouds
368,Homer,US,59.6425,-151.5483,40.87,84,90,0.0,overcast clouds
369,Lompoc,US,34.6391,-120.4579,67.93,91,90,3.44,mist
370,Palmer,US,42.1584,-72.3287,71.4,83,90,1.99,overcast clouds
371,Pine Bluff,US,34.2284,-92.0032,75.31,44,2,5.73,clear sky
372,Ca Mau,VN,9.1769,105.15,77.49,90,100,3.4,overcast clouds
373,Rocha,UY,-34.4833,-54.3333,62.91,68,10,11.23,clear sky
374,Canmore,CA,51.0834,-115.3521,59.47,61,21,4.61,few clouds
375,Riachao Das Neves,BR,-11.7461,-44.91,97.57,25,1,7.92,clear sky
376,Kaduqli,SD,11.0167,29.7167,78.4,72,100,0.4,overcast clouds
377,Kiruna,SE,67.8557,20.2251,38.32,93,75,4.61,moderate rain
378,Caravelas,BR,-17.7125,-39.2481,77.2,49,57,9.06,broken clouds
379,Comodoro Rivadavia,AR,-45.8667,-67.5,76.86,23,0,18.41,clear sky
380,Tarko-Sale,RU,64.9225,77.785,33.46,71,20,11.05,few clouds
381,Zhangjiakou,CN,40.81,114.8794,59.04,96,95,4.18,overcast clouds
382,Panguna,PG,-6.3164,155.4848,67.03,94,95,1.88,overcast clouds
383,Bajil,YE,15.0584,43.2851,93.24,43,94,13.8,overcast clouds
384,Abha,SA,18.2164,42.5053,69.62,60,40,5.75,scattered clouds
385,Union,US,40.6334,-74.2663,73.29,54,1,4.61,clear sky
386,Mogadishu,SO,2.0371,45.3438,77.77,83,72,18.16,broken clouds
387,Maridi,SS,4.9158,29.4742,70.57,94,87,5.41,light rain
388,Faridabad,IN,28.4333,77.3167,82.65,67,7,4.68,clear sky
389,Batemans Bay,AU,-35.7167,150.1833,54.91,59,0,3.89,clear sky
390,Leninskoye,KZ,41.7589,69.3864,71.53,18,0,5.73,clear sky
391,Shima,CN,24.4478,117.8111,84.22,84,4,2.3,light rain
392,Gamba,GA,-2.65,10.0,77.0,82,95,7.4,overcast clouds
393,Bali Chak,IN,22.3667,87.55,79.93,84,100,5.48,overcast clouds
394,Horsham,GB,51.064,-0.3272,75.72,64,0,9.22,clear sky
395,Japura,ID,-0.3167,102.35,74.86,96,43,2.42,scattered clouds
396,Tura,IN,25.5198,90.2201,76.66,87,0,2.8,clear sky
397,Esperance,AU,-33.8667,121.9,48.94,79,16,9.86,few clouds
398,Ballina,AU,-28.8667,153.5667,59.77,68,0,6.93,clear sky
399,Behbahan,IR,30.5959,50.2417,90.72,18,0,2.04,clear sky
400,Coihaique,CL,-45.5752,-72.0662,61.41,59,75,5.75,light rain
401,Okegawa,JP,36.0,139.5572,77.25,61,100,9.22,overcast clouds
402,Port Hardy,CA,50.6996,-127.4199,50.18,100,40,2.3,scattered clouds
403,Vardo,NO,70.3705,31.1107,48.4,81,75,20.71,broken clouds
404,Grindavik,IS,63.8424,-22.4338,46.87,71,75,12.66,broken clouds
405,Kendari,ID,-3.945,122.4989,74.23,90,57,2.26,broken clouds
406,College,US,64.8569,-147.8028,31.95,92,90,8.05,light snow
407,Manokwari,ID,-0.8667,134.0833,79.3,73,100,1.7,overcast clouds
408,Okha,RU,53.5739,142.9478,43.54,87,0,3.67,clear sky
409,Price,US,39.5994,-110.8107,66.11,25,1,0.0,clear sky
410,Itoman,JP,26.1247,127.6694,80.62,75,20,9.22,few clouds
411,Vila Franca Do Campo,PT,37.7167,-25.4333,72.01,61,55,4.88,broken clouds
412,Dongsheng,CN,39.8161,109.9776,60.84,62,1,6.29,clear sky
413,Labuhan,ID,-6.8844,112.2051,80.6,77,68,8.57,broken clouds
414,Northam,GB,51.0333,-4.2167,69.73,94,61,8.41,broken clouds
415,Saint-Augustin,CA,51.226,-58.6502,54.57,58,57,10.2,broken clouds
416,Pacific Grove,US,36.6177,-121.9166,74.62,95,90,5.99,mist
417,Vanimo,PG,-2.6741,141.3028,77.54,88,98,4.56,overcast clouds
418,Baykit,RU,61.67,96.37,32.59,96,100,2.06,overcast clouds
419,Hervey Bay,AU,-25.2986,152.8535,66.02,73,0,12.12,clear sky
420,Merauke,ID,-8.4667,140.3333,75.92,89,92,9.93,overcast clouds
421,Harper,LR,4.375,-7.7169,81.36,78,51,9.98,light rain
422,Salalah,OM,17.0151,54.0924,82.49,89,75,6.91,broken clouds
423,Sankt Leon-Rot,DE,49.2664,8.6167,74.05,49,4,6.91,clear sky
424,Kabelvag,NO,68.2114,14.4817,50.02,71,40,9.22,scattered clouds
425,Bull Savanna,JM,17.8868,-77.5902,84.02,65,25,7.63,scattered clouds
426,Hofn,IS,64.2539,-15.2082,42.82,61,90,14.97,overcast clouds
427,Irara,BR,-12.05,-38.7667,82.71,49,92,12.48,overcast clouds
428,Bestobe,KZ,52.4994,73.0975,41.56,58,61,4.23,broken clouds
429,Coffs Harbour,AU,-30.3,153.1333,54.14,87,0,3.44,clear sky
430,Panjab,AF,34.388,67.0233,56.08,23,6,6.35,clear sky
431,Yerbogachen,RU,61.2767,108.0108,39.52,85,100,5.53,overcast clouds
432,Sabya,SA,17.1495,42.6254,91.02,60,88,11.92,overcast clouds
433,Sumter,US,28.7086,-82.0831,87.26,60,6,6.49,clear sky
434,Colares,PT,38.7992,-9.4469,76.66,65,20,1.01,few clouds
435,Koson,UZ,39.0375,65.585,73.72,14,0,8.66,clear sky
436,Taoudenni,ML,22.6783,-3.9836,110.35,8,7,4.23,clear sky
437,Ambon,ID,-3.6954,128.1814,75.34,94,20,8.05,few clouds
438,Narragansett,US,41.4501,-71.4495,76.98,82,75,1.99,heavy intensity rain
439,Sao Filipe,CV,14.8961,-24.4956,78.85,76,55,6.35,broken clouds
440,Aklavik,CA,68.2191,-135.0107,30.92,92,100,10.25,overcast clouds
441,Zholymbet,KZ,51.7433,71.7122,41.86,52,7,2.35,clear sky
442,Fort Nelson,CA,58.8053,-122.7002,40.59,81,75,2.3,broken clouds
443,Miandrivazo,MG,-19.5167,45.4667,80.22,60,29,8.84,light rain
444,Biak,ID,-0.9131,122.8766,75.02,89,98,5.41,overcast clouds
445,Jalu,LY,29.0331,21.5482,84.51,30,0,14.76,clear sky
446,Kijang,KR,35.2442,129.2139,67.73,82,58,12.46,broken clouds
447,Mandurah,AU,-32.55,115.7,57.22,64,22,18.07,few clouds
448,Picayune,US,30.5255,-89.6795,75.83,68,2,4.81,clear sky
449,Volcan,PA,8.7667,-82.6333,75.74,46,88,2.55,overcast clouds
450,Turbat,PK,26.0023,63.044,87.08,50,100,5.5,overcast clouds
451,Pangkalanbuun,ID,-2.6833,111.6167,75.22,96,90,1.7,overcast clouds
452,Praia Da Vitoria,PT,38.7333,-27.0667,75.76,68,75,11.86,broken clouds
453,Coahuayana,MX,18.7333,-103.6833,86.43,68,85,1.59,overcast clouds
454,Chor,PK,25.5167,69.7667,92.46,52,100,8.66,overcast clouds
455,Praia,CV,14.9215,-23.5087,84.74,61,20,18.41,few clouds
456,Klaksvik,FO,62.2266,-6.589,47.32,73,97,20.96,overcast clouds
457,Altamont,US,42.2068,-121.7372,59.77,58,1,5.01,clear sky
458,Nizhniy Tsasuchey,RU,50.5167,115.1333,50.31,64,94,7.38,overcast clouds
459,San Cristobal,VE,7.7669,-72.225,86.18,76,99,4.9,overcast clouds
460,El Retorno,CO,2.3302,-72.6276,85.84,55,85,4.12,overcast clouds
461,Manicore,BR,-5.8092,-61.3003,98.24,37,69,3.4,broken clouds
462,Jinji,CN,23.2281,110.8261,76.71,90,54,1.99,light rain
463,Chumikan,RU,54.7183,135.315,50.02,70,12,17.69,few clouds
464,Na Wa,TH,17.4897,104.1006,73.65,94,100,11.03,heavy intensity rain
465,Phangnga,TH,8.4509,98.5298,80.64,93,99,3.04,overcast clouds
466,Senj,HR,44.9894,14.9058,68.95,70,3,2.19,clear sky
467,Valday,RU,57.9747,33.2525,43.27,91,100,8.81,overcast clouds
468,Shubarkuduk,KZ,49.1447,56.4872,59.77,25,73,23.49,broken clouds
469,Lhokseumawe,ID,5.1801,97.1507,79.95,81,84,3.13,broken clouds
470,Kloulklubed,PW,7.0419,134.2556,81.1,77,85,12.28,light rain
471,Cockburn Town,TC,21.4612,-71.1419,85.96,70,40,9.22,scattered clouds
472,Nemuro,JP,43.3236,145.575,51.48,81,0,9.06,clear sky
473,Dolores,AR,-36.3132,-57.6792,65.91,58,10,3.09,clear sky
474,Manakara,MG,-22.1333,48.0167,70.63,82,0,8.21,clear sky
475,Kamenka,RU,51.3223,42.7678,53.78,59,86,5.32,overcast clouds
476,Baruun-Urt,MN,46.6806,113.2792,50.86,95,2,10.04,clear sky
477,Pogar,RU,52.554,33.2591,48.11,92,92,9.24,moderate rain
478,Luganville,VU,-15.5333,167.1667,76.53,87,98,10.65,overcast clouds
479,Omboue,GA,-1.5746,9.2618,79.34,77,87,8.46,overcast clouds
480,Kupino,RU,54.3663,77.2981,46.17,69,100,12.84,overcast clouds
481,Bracebridge,CA,45.0334,-79.3163,57.85,77,90,8.05,overcast clouds
482,Khor,RU,47.8861,134.9464,47.89,76,100,4.5,overcast clouds
483,Nuevitas,CU,21.5453,-77.2644,90.84,55,11,5.55,few clouds
484,Nara,JP,34.6851,135.8049,71.49,64,99,0.89,overcast clouds
485,Quelimane,MZ,-17.8786,36.8883,75.15,69,0,5.75,clear sky
486,Cloquet,US,46.7216,-92.4594,55.38,93,90,9.22,moderate rain
487,Chateaubelair,VC,13.2833,-61.25,90.21,66,40,0.0,scattered clouds
488,Amberley,US,39.2048,-84.428,71.06,56,1,5.01,clear sky
489,Zlate Moravce,SK,48.3855,18.4006,67.96,51,85,9.4,overcast clouds
490,Noyabrsk,RU,63.1994,75.4507,35.85,77,100,7.16,overcast clouds
491,Morrope,PE,-6.5417,-80.0111,77.79,56,46,12.3,scattered clouds
492,Belmonte,BR,-15.8631,-38.8828,77.0,55,64,9.78,broken clouds
493,Longyan,CN,25.1072,117.0225,72.48,93,10,1.92,light rain
494,Preobrazheniye,RU,42.9019,133.9064,55.92,88,1,4.81,clear sky
495,Bulgan,MN,48.8125,103.5347,45.34,75,49,3.31,scattered clouds
496,Stornoway,GB,58.2093,-6.3865,57.16,77,75,14.97,broken clouds
497,Stranda,NO,62.3096,6.9358,55.58,93,100,9.13,light rain
498,Lukovetskiy,RU,64.2956,41.9211,48.18,91,100,9.62,overcast clouds
499,Batouri,CM,4.4333,14.3667,73.72,87,100,2.82,overcast clouds
500,Okhotsk,RU,59.3833,143.3,46.76,75,6,3.27,clear sky
501,Avera,US,33.194,-82.5271,74.93,43,0,7.65,clear sky
502,Sakaraha,MG,-22.9,44.5333,72.37,49,100,0.58,overcast clouds
503,Skibbereen,IE,51.55,-9.2667,71.4,84,99,12.28,overcast clouds
504,Tandil,AR,-37.3217,-59.1332,63.75,64,26,7.02,scattered clouds
505,Taraza,CO,7.5836,-75.4007,82.04,82,98,3.89,overcast clouds
506,Parabel,RU,58.6978,81.4825,35.38,98,100,7.85,overcast clouds
507,Hami,CN,42.8,93.45,68.36,31,67,15.93,broken clouds
508,Vallenar,CL,-28.5708,-70.7581,78.3,25,0,7.02,clear sky
509,Axim,GH,4.8699,-2.2405,81.07,77,27,10.63,scattered clouds
510,Puerto Ayacucho,VE,5.6639,-67.6236,83.26,76,100,5.44,overcast clouds
511,Hurghada,EG,27.2574,33.8129,87.84,33,0,18.41,clear sky
512,Matamoros,MX,25.5333,-103.25,76.26,40,78,2.73,broken clouds
513,Kimbe,PG,-5.5502,150.1429,74.39,94,87,4.09,overcast clouds
514,Muyezerskiy,RU,63.9333,31.65,45.57,98,98,4.83,overcast clouds
515,Laramie,US,41.3114,-105.5911,59.34,48,1,4.0,clear sky
516,Hurricane,US,37.1753,-113.2899,78.6,22,0,3.29,clear sky
517,Gus-Zheleznyy,RU,55.0581,41.1656,45.28,90,49,5.68,scattered clouds
518,Amapa,BR,1.0,-52.0,95.02,35,100,4.43,overcast clouds
519,Tateyama,JP,34.9833,139.8667,76.01,76,100,11.16,overcast clouds
520,Chara,RU,56.9064,118.2631,36.1,82,46,1.03,scattered clouds
521,Russell,US,32.3502,-85.1999,73.96,57,1,3.44,clear sky
522,Mogok,MM,22.9167,96.5,65.62,98,79,2.26,broken clouds
523,Umuahia,NG,5.5263,7.4896,76.48,87,100,3.24,overcast clouds
524,Kimberley,ZA,-28.7323,24.7623,83.89,20,40,5.75,scattered clouds
525,Wajima,JP,37.4,136.9,67.71,70,4,16.51,clear sky
526,Qaqortoq,GL,60.7167,-46.0333,37.9,49,2,3.04,clear sky
527,Neon Karlovasion,GR,37.7903,26.7044,70.92,47,64,14.14,broken clouds
528,Qandala,SO,11.472,49.8728,88.7,64,97,2.17,overcast clouds
529,Plouzane,FR,48.3833,-4.6167,68.32,72,0,8.05,clear sky
530,Olafsvik,IS,64.8945,-23.7142,44.26,65,76,15.5,broken clouds
531,Norsup,VU,-16.0667,167.3833,76.48,84,85,11.63,overcast clouds
532,Erzin,TR,36.9559,36.2,74.12,32,0,2.75,clear sky
533,Meiganga,CM,6.5167,14.3,71.22,90,98,3.44,moderate rain
534,Masoko,TZ,-9.3333,33.75,69.69,68,68,3.83,broken clouds
535,Saint Anthony,US,45.0205,-93.218,62.55,71,90,5.01,light rain
536,Chuguyevka,RU,44.1653,133.8633,45.57,94,11,2.46,few clouds
537,Ilulissat,GL,69.2167,-51.1,28.42,40,20,5.75,few clouds
538,Cozumel,MX,20.5083,-86.9458,84.99,91,81,3.0,broken clouds
539,Namibe,AO,-15.1961,12.1522,70.47,85,32,9.75,scattered clouds
540,Eregli,TR,37.5133,34.0467,58.26,39,2,6.55,clear sky
541,Quatre Cocos,MU,-20.2078,57.7625,71.71,77,10,16.64,clear sky
542,Silver City,US,32.7701,-108.2803,66.63,54,1,3.0,clear sky
543,Port Blair,IN,11.6667,92.75,80.74,82,96,13.56,overcast clouds
544,Muskogee,US,35.5834,-95.3336,79.21,50,1,5.75,clear sky
545,Pevek,RU,69.7008,170.3133,27.9,78,100,9.33,overcast clouds
546,North Platte,US,41.1239,-100.7654,69.69,41,1,5.99,clear sky
547,Havoysund,NO,70.9963,24.6622,50.23,81,95,17.63,overcast clouds
548,Burmakino,RU,57.4166,40.2369,45.97,93,75,4.47,broken clouds
549,Miranda,CO,3.2499,-76.2281,79.65,61,85,4.07,overcast clouds
550,Coleraine,GB,55.1333,-6.6667,65.12,88,99,11.18,overcast clouds
551,Puri,IN,19.8,85.85,81.12,80,100,6.44,overcast clouds
552,Marsh Harbour,BS,26.5412,-77.0636,84.52,65,45,3.56,scattered clouds
553,Tilichiki,RU,60.4667,166.1,31.66,76,9,6.46,clear sky
554,Kattivakkam,IN,13.2167,80.3167,86.09,76,100,7.83,overcast clouds
555,Vuktyl,RU,63.8567,57.3094,41.7,85,91,5.3,overcast clouds
556,Juye,CN,35.3947,116.0883,74.98,93,100,13.27,heavy intensity rain
557,Bengkulu,ID,-3.8004,102.2655,76.62,89,95,3.13,overcast clouds
558,Kropotkin,RU,45.4375,40.5756,57.63,55,76,7.27,broken clouds
559,Basco,PH,20.4487,121.9702,84.11,75,8,19.01,clear sky
560,Menongue,AO,-14.6585,17.691,92.48,8,6,10.42,clear sky
561,Smolenka,RU,52.1352,113.4974,50.07,76,96,2.24,overcast clouds
562,Asosa,ET,10.0667,34.5333,61.86,94,99,2.1,light rain
563,Bani Walid,LY,31.7566,13.9942,90.7,32,1,6.08,clear sky
564,Broken Hill,AU,-31.95,141.4333,51.51,58,0,17.27,clear sky
565,Vostok,RU,46.4856,135.8833,40.37,85,81,2.98,broken clouds
566,Kangaatsiaq,GL,68.3065,-53.4641,28.11,78,47,4.34,scattered clouds
567,Auki,SB,-8.7676,160.7034,76.53,88,80,3.98,broken clouds
568,Iraucuba,BR,-3.7461,-39.7833,98.98,26,8,9.64,clear sky
569,Samarai,PG,-10.6167,150.6667,78.33,87,60,10.4,light rain
570,Kasane,BW,-17.8167,25.15,87.89,19,0,10.36,clear sky
571,Ozinki,RU,51.1786,49.6769,60.85,36,100,5.66,overcast clouds
572,Nosy Varika,MG,-20.5833,48.5333,70.5,83,21,4.79,few clouds
573,Mecca,SA,21.4267,39.8261,91.53,37,54,9.42,broken clouds
574,Saint-Joseph,RE,-21.3667,55.6167,70.18,80,39,13.44,scattered clouds
575,Cooma,AU,-36.2333,149.1333,40.77,60,6,5.75,clear sky
576,Eldorado,BR,-23.7869,-54.2836,88.09,33,95,5.37,overcast clouds
577,Leh,IN,34.1667,77.5833,58.53,30,33,5.08,scattered clouds
578,Turukhansk,RU,65.8167,87.9833,30.33,88,27,9.28,scattered clouds
579,Cochrane,CA,51.1834,-114.4687,61.43,47,1,3.44,clear sky
580,Abong Mbang,CM,3.9833,13.1833,69.66,92,100,0.96,overcast clouds
581,Koumac,NC,-20.5667,164.2833,68.79,71,100,4.36,overcast clouds
582,Mujiayingzi,CN,42.1167,118.7833,60.42,92,100,2.91,moderate rain
583,Cantaura,VE,9.3057,-64.3584,90.99,46,15,7.16,few clouds
584,Taltal,CL,-25.4,-70.4833,63.41,65,23,4.27,few clouds
585,Ketchikan,US,55.3422,-131.6461,55.38,96,100,8.08,light rain
586,Nilagiri,IN,21.4582,86.7722,78.91,85,16,5.12,few clouds
587,Jabinyanah,TN,35.035,10.9081,84.0,68,56,13.8,broken clouds
588,Namatanai,PG,-3.6667,152.4333,78.6,81,36,5.88,scattered clouds
589,Gorontalo,ID,0.5412,123.0595,75.31,94,100,1.59,overcast clouds
590,Chaykovskiy,RU,56.7686,54.1148,46.81,75,100,8.41,light rain
591,Aban,RU,56.67,96.06,31.64,85,63,3.42,broken clouds
592,Zaqatala,AZ,41.6336,46.6433,55.87,100,90,4.61,overcast clouds
593,Abrau-Dyurso,RU,44.69,37.59,56.66,67,95,16.11,overcast clouds
594,Mareeba,AU,-17.0,145.4333,66.92,92,45,1.95,scattered clouds
595,Vrangel,RU,42.7297,133.0839,57.29,88,0,3.4,clear sky
596,Marca,RO,47.2167,22.5667,69.44,75,100,2.75,overcast clouds
597,Bibiani,GH,6.4635,-2.3194,78.55,93,74,2.35,moderate rain
598,Mendeleyevsk,RU,55.9082,52.2905,45.64,82,100,13.89,light rain
599,Vestmannaeyjar,IS,63.4427,-20.2734,47.39,71,20,3.44,few clouds
600,Nantucket,US,41.2835,-70.0995,77.97,88,90,14.97,overcast clouds
601,Purpe,RU,64.4803,76.6897,34.21,78,85,10.69,overcast clouds
602,Puerto Madryn,AR,-42.7692,-65.0385,75.16,23,0,24.83,clear sky
603,Sapa,PH,5.1544,120.3241,81.36,79,100,6.44,overcast clouds
604,Los Llanos De Aridane,ES,28.6585,-17.9182,73.15,82,75,6.91,volcanic ash
605,Tambo,PE,-14.8,-73.9167,50.7,36,15,3.51,few clouds
606,Hatta,IN,24.1167,79.6,77.99,86,86,5.19,moderate rain
607,Kenai,US,60.5544,-151.2583,38.14,95,90,5.75,light rain
608,Nhulunbuy,AU,-12.2333,136.7667,72.21,83,40,4.61,scattered clouds
609,Cangucu,BR,-31.395,-52.6756,65.41,82,100,7.18,overcast clouds
610,Lubango,AO,-14.9172,13.4925,80.46,26,20,12.66,few clouds
611,Amga,RU,60.8953,131.9608,44.06,63,94,9.24,overcast clouds
612,Nyurba,RU,63.2842,118.3319,34.11,89,29,3.42,scattered clouds
613,Alta Floresta,BR,-9.8756,-56.0861,100.62,23,48,6.78,scattered clouds
614,Nhamunda,BR,-2.1861,-56.7131,100.44,30,97,3.76,overcast clouds
615,Ust-Maya,RU,60.4167,134.5333,45.77,82,93,4.68,overcast clouds
616,Rawson,AR,-43.3002,-65.1023,76.51,20,1,23.91,clear sky
617,Estrela,BR,-28.0611,-50.9383,58.12,89,100,1.14,overcast clouds
618,Sambava,MG,-14.2667,50.1667,73.94,77,1,17.96,light rain
619,Sept-Iles,CA,50.2001,-66.3821,52.32,94,90,8.01,overcast clouds
620,Nkowakowa,ZA,-23.8878,30.2871,78.85,22,22,4.88,few clouds
621,Gizo,SB,-8.103,156.8419,80.64,78,94,3.94,overcast clouds
622,Sigli,ID,5.3848,95.9609,79.54,82,80,3.02,broken clouds
623,Wanaka,NZ,-44.7,169.15,45.1,93,100,1.01,light rain
624,Yei,SS,4.095,30.6779,69.22,93,77,3.22,light rain
625,Sao Jose Da Coroa Grande,BR,-8.8978,-35.1478,81.97,67,10,14.05,clear sky
626,Zhangye,CN,38.9342,100.4517,70.7,33,91,5.84,overcast clouds
627,Seoul,KR,37.5683,126.9778,69.37,72,0,8.05,clear sky
628,Aksu,CN,41.1231,80.2644,73.0,24,4,5.08,clear sky
629,Moose Factory,CA,51.2585,-80.6094,53.58,87,90,10.36,overcast clouds
630,Sur,OM,22.5667,59.5289,84.34,71,54,10.4,broken clouds
631,Elat,IL,29.5581,34.9482,89.44,45,20,16.11,few clouds
632,Strezhevoy,RU,60.7333,77.5889,37.38,87,100,10.36,overcast clouds
633,Klichka,RU,50.4457,117.996,44.06,67,99,1.92,overcast clouds
634,Rudraprayag,IN,30.2833,78.9833,72.82,91,9,0.67,clear sky
635,Peleduy,RU,59.6289,112.7406,38.12,79,93,4.94,overcast clouds
636,Aitape,PG,-3.1374,142.3475,78.08,88,93,6.17,overcast clouds
637,Boa Vista,BR,2.8197,-60.6733,93.18,46,75,9.22,broken clouds
638,Tsiroanomandidy,MG,-18.7667,46.0333,77.45,33,57,1.1,broken clouds
639,Sisimiut,GL,66.9395,-53.6735,34.79,63,21,7.0,few clouds
640,Manggar,ID,-2.8833,108.2667,81.07,78,94,3.27,overcast clouds
641,Sol-Iletsk,RU,51.1631,54.9918,61.12,23,100,20.85,light rain
642,Zabid,YE,14.1951,43.3152,89.96,52,98,4.97,overcast clouds
643,Pospelikha,RU,51.95,81.7667,35.73,59,77,6.02,broken clouds
644,Amuntai,ID,-2.4177,115.2494,74.28,96,97,1.12,overcast clouds
645,Carauari,BR,-4.8828,-66.8958,97.2,40,61,2.26,broken clouds
646,Paredon,MX,16.0333,-93.8667,85.55,62,90,5.82,overcast clouds
647,Pitkyaranta,RU,61.5734,31.4792,48.81,77,99,8.97,overcast clouds
648,Muravlenko,RU,63.7898,74.523,37.09,77,100,10.04,overcast clouds
649,Nishihara,JP,26.1842,127.7558,79.88,79,20,5.75,few clouds
650,Turkan,AZ,40.3639,50.215,66.38,94,90,25.32,overcast clouds
651,Sabha,LY,27.0377,14.4283,96.35,12,0,9.26,clear sky
652,Ambovombe,MG,-25.1667,46.0833,73.83,68,0,12.66,clear sky
653,Gurlan,UZ,41.8447,60.3919,73.31,16,0,14.94,clear sky
654,Bima,ID,-8.4667,118.7167,75.63,90,55,3.8,broken clouds
655,Tongliao,CN,43.6125,122.2653,59.74,93,100,5.37,moderate rain
656,Egvekinot,RU,66.3167,-179.1667,19.62,83,61,14.27,broken clouds
657,Saldanha,ZA,-33.0117,17.9442,64.45,81,64,9.78,broken clouds
658,Waterloo,CA,43.4668,-80.5164,62.73,82,90,8.01,overcast clouds
659,Montepuez,MZ,-13.1256,38.9997,77.16,53,76,10.47,broken clouds
660,Darhan,MN,49.4867,105.9228,47.28,74,33,5.12,scattered clouds
661,Pampa,US,35.5362,-100.9599,77.58,25,1,14.97,clear sky
662,Dijon,FR,47.3167,5.0167,75.31,46,0,3.44,clear sky
663,Maple Creek,CA,49.9168,-109.4848,59.41,26,19,2.3,few clouds
664,Ebolowa,CM,2.9,11.15,76.14,80,100,1.36,light rain
665,Aksha,RU,50.2814,113.2867,47.62,84,63,3.56,broken clouds
666,Itupiranga,BR,-5.1347,-49.3267,89.92,38,58,5.23,broken clouds
667,Sorland,NO,67.667,12.6934,48.06,73,100,11.18,overcast clouds
668,Tambopata,PE,-12.7333,-69.1833,87.69,58,40,6.91,scattered clouds
669,Litovel,CZ,49.7012,17.0762,65.68,66,51,13.33,broken clouds
670,Porto Nacional,BR,-10.7081,-48.4172,89.6,16,40,8.34,scattered clouds
671,Motzorongo,MX,18.6333,-96.7333,77.14,71,81,3.29,broken clouds
672,Imeni Zhelyabova,RU,58.9544,36.5956,45.09,85,45,7.47,scattered clouds
